No,Category,Guideline,Description,Do,Don't,Code Good,Code Bad,Severity,Docs URL,Applies To,Status,Verified At
1000,Next.js App Router (es),App Router como base,"Usar el directorio `app/` con `layout.tsx`, `page.tsx`, `loading.tsx`, `error.tsx` y `not-found.tsx` por segmento; no mezclar con `pages/` en código nuevo.","Usar el directorio `app/` con `layout.tsx`, `page.tsx`, `loading.tsx`, `error.tsx` y `not-found.tsx` por segmento; no mezclar con `pages/` en código nuevo.",,app/(marketing)/layout.tsx + app/(marketing)/page.tsx,,Medium,,nextjs 16.2,active,2026-08-25
1001,Next.js App Router (es),Server Components por defecto,"Los componentes son de servidor por defecto; añadir `'use client'` solo en hojas interactivas (formularios, menús, gráficos) y mantenerlos pequeños.","Los componentes son de servidor por defecto; añadir `'use client'` solo en hojas interactivas (formularios, menús, gráficos) y mantenerlos pequeños.",,'use client'; export function ThemeToggle() { ... },,Medium,,nextjs 16.2,active,2026-08-25
1002,Next.js App Router (es),Obtención de datos en servidor,Obtener datos en componentes de servidor con `async/await` y controlar caché con `revalidate` o `cache: 'no-store'`; evitar `useEffect` para fetch inicial.,Obtener datos en componentes de servidor con `async/await` y controlar caché con `revalidate` o `cache: 'no-store'`; evitar `useEffect` para fetch inicial.,,"const posts = await fetch(url, { next: { revalidate: 60 } }).then(r => r.json())",,Medium,,nextjs 16.2,active,2026-08-25
1003,Next.js App Router (es),Estados de carga con loading.tsx y Suspense,Crear `loading.tsx` con skeleton de la forma del contenido y usar `<Suspense>` para streaming de bloques lentos dentro de la página.,Crear `loading.tsx` con skeleton de la forma del contenido y usar `<Suspense>` para streaming de bloques lentos dentro de la página.,,<Suspense fallback={<StatsSkeleton />}><Stats /></Suspense>,,Medium,,nextjs 16.2,active,2026-08-25
1004,Next.js App Router (es),Límites de error por segmento,Añadir `error.tsx` (client) con mensaje humano y botón `reset()`; `global-error.tsx` para el layout raíz.,Añadir `error.tsx` (client) con mensaje humano y botón `reset()`; `global-error.tsx` para el layout raíz.,,"'use client'; export default function Error({ error, reset }: { error: Error; reset: () => void }) { return <button onClick={reset}>Reintentar</button> }",,Medium,,nextjs 16.2,active,2026-08-25
1005,Next.js App Router (es),Metadata por página,"Exportar `metadata` estático o `generateMetadata` con title template, description, canonical y Open Graph; usar `opengraph-image.tsx` para imágenes dinámicas.","Exportar `metadata` estático o `generateMetadata` con title template, description, canonical y Open Graph; usar `opengraph-image.tsx` para imágenes dinámicas.",,"export const metadata: Metadata = { title: { default: 'Acme', template: '%s | Acme' }, description: '...' }",,Medium,,nextjs 16.2,active,2026-08-25
1006,Next.js App Router (es),Imágenes con next/image,"Usar `<Image>` con `width`/`height` o `fill`, `sizes` acorde al layout, `priority` solo en la imagen LCP y `alt` descriptivo.","Usar `<Image>` con `width`/`height` o `fill`, `sizes` acorde al layout, `priority` solo en la imagen LCP y `alt` descriptivo.",,"<Image src={hero} alt=""Panel de control de Acme"" sizes=""(min-width: 1024px) 50vw, 100vw"" priority />",,Medium,,nextjs 16.2,active,2026-08-25
1007,Next.js App Router (es),Fuentes con next/font,"Cargar fuentes con `next/font/google` o `local`, exponerlas como variable CSS y referenciarlas en `@theme` de Tailwind; evita FOUT y peticiones externas.","Cargar fuentes con `next/font/google` o `local`, exponerlas como variable CSS y referenciarlas en `@theme` de Tailwind; evita FOUT y peticiones externas.",,"const inter = Inter({ subsets: ['latin'], variable: '--font-sans', display: 'swap' })",,Medium,,nextjs 16.2,active,2026-08-25
1008,Next.js App Router (es),Formularios con Server Actions,Manejar envíos con Server Actions y `useActionState` para devolver errores por campo; validar con Zod en el servidor.,Manejar envíos con Server Actions y `useActionState` para devolver errores por campo; validar con Zod en el servidor.,,"const [state, action, pending] = useActionState(createPost, { errors: {} })",,Medium,,nextjs 16.2,active,2026-08-25
1009,Next.js App Router (es),Estado pendiente con useFormStatus,Deshabilitar el botón de envío y mostrar texto de progreso con `useFormStatus` dentro del formulario.,Deshabilitar el botón de envío y mostrar texto de progreso con `useFormStatus` dentro del formulario.,,const { pending } = useFormStatus(); <button disabled={pending}>{pending ? 'Guardando...' : 'Guardar'}</button>,,Medium,,nextjs 16.2,active,2026-08-25
1010,Next.js App Router (es),Errores de validación junto al campo,Renderizar el error devuelto por la action bajo el input con `aria-invalid` y `aria-describedby`; conservar valores con `defaultValue`.,Renderizar el error devuelto por la action bajo el input con `aria-invalid` y `aria-describedby`; conservar valores con `defaultValue`.,,"<input name=""email"" defaultValue={state.values?.email} aria-invalid={!!state.errors?.email} aria-describedby=""email-error"" />",,Medium,,nextjs 16.2,active,2026-08-25
1011,Next.js App Router (es),Revalidación tras mutaciones,Tras una mutación llamar a `revalidatePath` o `revalidateTag` y redirigir con `redirect()` cuando proceda.,Tras una mutación llamar a `revalidatePath` o `revalidateTag` y redirigir con `redirect()` cuando proceda.,,revalidatePath('/posts'); redirect('/posts'),,Medium,,nextjs 16.2,active,2026-08-25
1012,Next.js App Router (es),Componentes shadcn/ui,"Usar shadcn/ui (Radix primitives) para dialog, dropdown, select, tabs, tooltip y command; personalizar mediante tokens CSS y `cn`.","Usar shadcn/ui (Radix primitives) para dialog, dropdown, select, tabs, tooltip y command; personalizar mediante tokens CSS y `cn`.",,npx shadcn@latest add dialog button form,,Medium,,nextjs 16.2,active,2026-08-25
1013,Next.js App Router (es),Tokens de tema con Tailwind 4,"Definir tokens en `globals.css` con `@import ""tailwindcss""` y `@theme inline` mapeando variables de shadcn; sin `tailwind.config.js`.","Definir tokens en `globals.css` con `@import ""tailwindcss""` y `@theme inline` mapeando variables de shadcn; sin `tailwind.config.js`.",,@theme inline { --color-background: var(--background); --color-primary: var(--primary); --font-sans: var(--font-sans); },,Medium,,nextjs 16.2,active,2026-08-25
1014,Next.js App Router (es),Dark mode con next-themes,"Usar `next-themes` con `attribute=""class""`, `suppressHydrationWarning` en `html` y `@custom-variant dark` en Tailwind 4.","Usar `next-themes` con `attribute=""class""`, `suppressHydrationWarning` en `html` y `@custom-variant dark` en Tailwind 4.",,"<ThemeProvider attribute=""class"" defaultTheme=""system"" enableSystem>{children}</ThemeProvider>",,Medium,,nextjs 16.2,active,2026-08-25
1015,Next.js App Router (es),Navegación con Link y prefetch,Usar `<Link>` para navegación interna (prefetch automático en viewport); `useRouter` solo para navegación programática tras acciones.,Usar `<Link>` para navegación interna (prefetch automático en viewport); `useRouter` solo para navegación programática tras acciones.,,"<Link href=""/pricing"" prefetch={false}>Precios</Link>",,Medium,,nextjs 16.2,active,2026-08-25
1016,Next.js App Router (es),Estado activo en navegación,"Calcular el enlace activo con `usePathname` en un componente cliente y añadir `aria-current=""page""`.","Calcular el enlace activo con `usePathname` en un componente cliente y añadir `aria-current=""page""`.",,const active = pathname.startsWith(href); <Link aria-current={active ? 'page' : undefined} className={cn(active && 'text-primary')} />,,Medium,,nextjs 16.2,active,2026-08-25
1017,Next.js App Router (es),Parámetros de búsqueda como estado,"Guardar filtros, paginación y pestañas en la URL leyendo `searchParams` en servidor; en cliente usar `nuqs` o `useSearchParams`.","Guardar filtros, paginación y pestañas en la URL leyendo `searchParams` en servidor; en cliente usar `nuqs` o `useSearchParams`.",,export default async function Page({ searchParams }: { searchParams: Promise<{ q?: string }> }) { const { q } = await searchParams },,Medium,,nextjs 16.2,active,2026-08-25
1018,Next.js App Router (es),Componentes de formulario accesibles,"Con react-hook-form y el componente `Form` de shadcn, usar `FormField`, `FormLabel`, `FormMessage` que asocian ids y errores automáticamente.","Con react-hook-form y el componente `Form` de shadcn, usar `FormField`, `FormLabel`, `FormMessage` que asocian ids y errores automáticamente.",,"<FormField control={form.control} name=""email"" render={({ field }) => (<FormItem><FormLabel>Email</FormLabel><FormControl><Input {...field} /></FormControl><FormMessage /></FormItem>)} />",,Medium,,nextjs 16.2,active,2026-08-25
1019,Next.js App Router (es),Toasts con Sonner,Usar `sonner` con `<Toaster richColors closeButton />` en el layout raíz y llamar `toast.success` tras acciones; no usar toasts para errores de validación por campo.,Usar `sonner` con `<Toaster richColors closeButton />` en el layout raíz y llamar `toast.success` tras acciones; no usar toasts para errores de validación por campo.,,toast.success('Proyecto creado'),,Medium,,nextjs 16.2,active,2026-08-25
1020,Next.js App Router (es),Rutas dinámicas y generateStaticParams,Para contenido estático con rutas dinámicas usar `generateStaticParams` y `notFound()` cuando el recurso no existe.,Para contenido estático con rutas dinámicas usar `generateStaticParams` y `notFound()` cuando el recurso no existe.,,export async function generateStaticParams() { return posts.map(p => ({ slug: p.slug })) },,Medium,,nextjs 16.2,active,2026-08-25
1021,Next.js App Router (es),Rutas paralelas e interceptadas para modales,"Implementar modales con URL propia mediante rutas interceptadas `(.)` y slot paralelo `@modal`, manteniendo la página de fondo.","Implementar modales con URL propia mediante rutas interceptadas `(.)` y slot paralelo `@modal`, manteniendo la página de fondo.",,app/@modal/(.)photos/[id]/page.tsx,,Medium,,nextjs 16.2,active,2026-08-25
1022,Next.js App Router (es),Streaming y composición de Suspense,Separar partes lentas en componentes con `Suspense` propio para que el shell se envíe de inmediato; no envolver toda la página en un único Suspense.,Separar partes lentas en componentes con `Suspense` propio para que el shell se envíe de inmediato; no envolver toda la página en un único Suspense.,,<section><Suspense fallback={<ListSkeleton rows={5} />}><RecentOrders /></Suspense></section>,,Medium,,nextjs 16.2,active,2026-08-25
1023,Next.js App Router (es),Scripts de terceros con next/script,"Cargar analítica y widgets con `<Script strategy=""afterInteractive"">` o `lazyOnload`; nunca scripts bloqueantes en `head`.","Cargar analítica y widgets con `<Script strategy=""afterInteractive"">` o `lazyOnload`; nunca scripts bloqueantes en `head`.",,"<Script src=""https://analytics.example.com/script.js"" strategy=""lazyOnload"" />",,Medium,,nextjs 16.2,active,2026-08-25
1024,Next.js App Router (es),Optimización de paquetes cliente,"Cargar librerías pesadas solo en cliente con `next/dynamic` y `ssr: false` cuando dependan de `window` (mapas, editores).","Cargar librerías pesadas solo en cliente con `next/dynamic` y `ssr: false` cuando dependan de `window` (mapas, editores).",,"const Map = dynamic(() => import('./Map'), { ssr: false, loading: () => <MapSkeleton /> })",,Medium,,nextjs 16.2,active,2026-08-25
1025,Next.js App Router (es),Route Handlers para APIs,Definir endpoints en `app/api/*/route.ts` con `NextResponse`; preferir Server Actions para mutaciones desde la propia app.,Definir endpoints en `app/api/*/route.ts` con `NextResponse`; preferir Server Actions para mutaciones desde la propia app.,,export async function GET() { return NextResponse.json({ ok: true }) },,Medium,,nextjs 16.2,active,2026-08-25
1026,Next.js App Router (es),Middleware para auth y redirecciones,Usar `middleware.ts` con `matcher` para proteger rutas y redirigir; mantenerlo ligero (sin llamadas a base de datos).,Usar `middleware.ts` con `matcher` para proteger rutas y redirigir; mantenerlo ligero (sin llamadas a base de datos).,,export const config = { matcher: ['/dashboard/:path*'] },,Medium,,nextjs 16.2,active,2026-08-25
1027,Next.js App Router (es),Accesibilidad de componentes cliente,"Usar primitives de Radix vía shadcn para interacción; añadir `aria-label` a botones de icono, `sr-only` para texto oculto y respetar `prefers-reduced-motion` en animaciones con `motion-safe:`.","Usar primitives de Radix vía shadcn para interacción; añadir `aria-label` a botones de icono, `sr-only` para texto oculto y respetar `prefers-reduced-motion` en animaciones con `motion-safe:`.",,"<button aria-label=""Abrir menú""><Menu aria-hidden className=""size-5"" /></button>",,Medium,,nextjs 16.2,active,2026-08-25
1028,Next.js App Router (es),Pages Router y getServerSideProps,"`pages/`, `getServerSideProps` y `_app.tsx` son el modelo antiguo; migrar a App Router con Server Components y `generateMetadata`.","`pages/`, `getServerSideProps` y `_app.tsx` son el modelo antiguo; migrar a App Router con Server Components y `generateMetadata`.",,,,Medium,,nextjs 16.2,deprecated,2026-08-25
1029,Next.js App Router (es),next/head y next/router antiguos,`next/head` y `next/router` pertenecen al Pages Router; en App Router usar `metadata` y `next/navigation`.,`next/head` y `next/router` pertenecen al Pages Router; en App Router usar `metadata` y `next/navigation`.,,,,Medium,,nextjs 16.2,deprecated,2026-08-25
